iter	RMSE
0	2399.232685
1	2163.812983
